<?xml version="1.0"?>
<config xmlns:xsi="http://www.w3.org/2001/XMLSchema-instance" xsi:noNamespaceSchemaLocation="urn:magento:framework:ObjectManager/etc/config.xsd">
    <type name="Magento\Quote\Model\Quote\Item\ToOrderItem">
        <plugin name="gift_product_attribute_quote_to_order_item" type="Kharvi\GiftWithPurchase\Plugin\GiftProductQuoteToOrderItem"/>
    </type>
    <!--<type name="Magento\Checkout\Block\Cart\Item\Renderer">
        <plugin name="gift_product_remove_action_buttons" type="Kharvi\GiftWithPurchase\Plugin\GiftProductRemoveActionItems"/>
    </type>-->
    <type name="Magento\Checkout\CustomerData\Cart">
        <plugin name="gift_product_in_mini_cart" type="Kharvi\GiftWithPurchase\Plugin\GiftProductInMiniCart" sortOrder="1"/>
    </type>
    <type name="Magento\Checkout\Controller\Cart">
        <plugin name="unset_free_product_flag" type="Kharvi\GiftWithPurchase\Plugin\UnsetFreeProductFlag" sortOrder="1"/>
    </type>
    <preference for="Magento\SalesRule\Model\Rule\Action\Discount\CalculatorFactory" type="Kharvi\GiftWithPurchase\Model\Rule\Action\Discount\CalculatorFactory" />
    <preference for="Magento\SalesRule\Model\Rule\Metadata\ValueProvider" type="Kharvi\GiftWithPurchase\Model\Rule\Metadata\ValueProvider" />
</config>