<?xml version="1.0"?>
<config xmlns:xsi="http://www.w3.org/2001/XMLSchema-instance" xsi:noNamespaceSchemaLocation="urn:magento:framework:Event/etc/events.xsd">
    <event name="sales_quote_item_set_product">
        <observer name="set_gift_product" instance="Kharvi\GiftWithPurchase\Observer\SetGiftItemAttribute" />
    </event>
    <event name="sales_quote_collect_totals_before">
        <observer name="remove_sales_quote_free_item_total_collects_before" instance="Kharvi\GiftWithPurchase\Observer\RemoveSalesQuoteFreeItemTotalCollectsBefore" />
    </event>
    <event name="sales_quote_remove_item">
        <observer name="set_product_removed_from_cart" instance="Kharvi\GiftWithPurchase\Observer\SetProductRemovedFromCart" />
    </event>
</config>