<?xml version="1.0"?>
<config xmlns:xsi="http://www.w3.org/2001/XMLSchema-instance" xsi:noNamespaceSchemaLocation="urn:magento:framework:ObjectManager/etc/config.xsd">
    <type name="Magento\Checkout\CustomerData\Cart">
        <plugin name="gift_product_in_mini_cart" type="Kharvi\GiftWithPurchase\Plugin\GiftProductInMiniCart"/>
    </type>
    <type name="Magento\Checkout\Controller\Cart">
        <plugin name="unset_free_product_flag" type="Kharvi\GiftWithPurchase\Plugin\UnsetFreeProductFlag"/>
    </type>
    <type name="Magento\Checkout\CustomerData\AbstractItem">
        <plugin name="set_is_gift_free_product_in_ui"
                type="Kharvi\GiftWithPurchase\Plugin\CustomerData\AbstractItem"/>
    </type>
    <type name="Magento\Checkout\Model\DefaultConfigProvider">
        <plugin name="set_is_gift_free_product_in_uii"
                type="Kharvi\GiftWithPurchase\Plugin\Model\DefaultConfigProvider"/>
    </type>
    <type name="Magento\Checkout\Model\Session">
        <plugin name="unset_free_product_flag_clear_quote"
                type="Kharvi\GiftWithPurchase\Plugin\Model\Checkout\Session"/>
    </type>
    <preference for="Magento\SalesRule\Model\Rule\Action\Discount\CalculatorFactory" type="Kharvi\GiftWithPurchase\Model\Rule\Action\Discount\CalculatorFactory" />
    <preference for="Magento\SalesRule\Model\Rule\Metadata\ValueProvider" type="Kharvi\GiftWithPurchase\Model\Rule\Metadata\ValueProvider" />
</config>