<?xml version="1.0"?>
<!--
 Copyright © 2020-2025 Chalhoub Group. All rights reserved.
-->
<config xmlns:xsi="http://www.w3.org/2001/XMLSchema-instance" xsi:noNamespaceSchemaLocation="urn:magento:framework:Module/etc/module.xsd">
    <module name="Kharvi_GiftWithPurchase" setup_version="1.0.3">
        <sequence>
            <module name="Magento_SalesRule" />
            <module name="Magento_Sales" />
            <module name="Magento_Quote" />
            <module name="Magento_Catalog" />
        </sequence>
    </module>
</config>